datetime,shr06_u,shr06_v,shr06_mag,rm_u,rm_v,rm_speed,mean_u,mean_v,mean_speed,corfidi_up_u,corfidi_up_v,corfidi_up_speed,corfidi_down_u,corfidi_down_v,corfidi_down_speed,galvez_davison
2026-01-01 00:00:00,-8.660254037844386,-5.000000000000001,10.0,-25.887270816841685,7.764948861767099,27.026750103746497,-16.816084448667297,-3.648024884407856,17.207230507608394,2.0385018079121213,-3.8096093404976443,4.32071903137289,-13.922996384175757,-7.6192186809952895,15.871430988496241,34.454631992527155
2026-01-01 12:00:00,0.24103083844827267,4.345258088498076,4.351937927032167,-3.72512656888933,-6.651075047442639,7.623212396421819,-17.5516161843539,-2.028242931684814,17.668418154232235,6.662215626305089,4.960621661586556,8.3061955383187,-9.22819164625162,1.7127598833570596,9.385790722042842,19.221491024828886
2026-01-02 00:00:00,-4.532800808640558,-2.499362653554829,5.176204868897399,-3.2353366116507125,8.822580920715343,9.397091948749779,-12.312739666342623,-2.5854489547584047,12.581260047737205,5.665977356948851,3.3483426864698678,6.581390290470042,-7.986561811883664,1.5203044708893207,8.129975108156515,36.02158354651792
2026-01-02 12:00:00,-1.2614801241185305,3.197485437322984,3.4373311195517164,3.0660302790674017,-1.2864458679279394,3.3249788936573714,-11.488089662736582,-2.1349649169864584,11.684788371889244,5.196326746865974,5.400626194629385,7.494569697741945,-7.461506301200309,4.302869666071064,8.613289943224158,24.211646669152504
2026-01-03 00:00:00,-8.519497483521102,0.15852614579098145,8.520972239751854,1.568996611030304,9.716689735879948,9.842550979739922,-8.04492969633838,-1.2430006253262431,8.140389694209276,-7.39017637539053,4.441033012058809,8.621918642249904,-18.694703075076287,3.078803016232326,18.94652873425705,31.82240517380288
2026-01-03 12:00:00,-0.5898169835510119,9.536137074767097,9.554359967199938,6.415923088790278,-1.0131971381678928,6.495432050453902,-7.91111495058875,1.684648831345181,8.088496859514846,2.170579802083971,8.184288241486241,8.467230402967953,-7.440841627308508,10.87453908034339,13.176559654651998,21.097171621698514
2026-01-04 00:00:00,-0.6972459419812655,7.969557584733964,8.0,7.554909200274684,-4.699602874919211,8.897354674640322,-6.422135248760183,-0.5541692031865265,6.446000671666766,1.9070084108871788,11.44497989512788,11.602768888462608,-5.378371333650762,13.697571634830641,14.715649727210595,21.966039204919785
2026-01-04 12:00:00,-0.014715996003750578,3.3505163422414586,3.350548659572856,5.990011336444432,-9.764042646143146,11.454988634059612,-6.246359927851884,-1.8385388678754857,6.51131611250465,4.437398286488857,16.20710911275867,16.803597512015077,-0.6314827860249839,18.32057949208163,18.331459391841335,37.16173996939544
2026-01-05 00:00:00,-19.93099420771379,-2.7746357708642577,20.123198895028597,-6.1909964586658885,4.536376517832094,7.675099286833494,-3.3541452612291174,-9.763786667972225,10.323847176856983,-5.646194995796931,1.500340782468868,5.842134917485353,-12.2511031618181,-7.9574601140714645,14.608583098594734,37.00104851892578
2026-01-05 12:00:00,4.733050087996416,-5.512694324952239,7.265780195948919,-10.331884635046041,-22.593508801537915,24.843801643006888,-3.1364452253936093,-9.914074919891137,10.398373438625333,1.2238178479597255,3.368269899521076,3.5837092852245274,-0.9170118904133187,-5.820495942715736,5.892290202148037,4.494104143880634
2026-01-06 00:00:00,3.478465145403261,-7.47583684286187,8.245474896503916,-13.862398881577914,-20.169680871362456,24.474111407864786,-4.868753420330515,-8.695504074118322,9.96576896034563,5.967350021390425,-2.560087096849954,6.493328285343806,2.4084206011520264,-10.62017419369991,10.889838827851541,28.455356076471602
2026-01-06 12:00:00,0.9734208651058132,-7.70954877187914,7.770758678958349,-17.490815320009126,-13.361790918968847,22.010590112963904,-5.005812114638026,-5.834036484949031,7.687271078528015,5.169474686482203,-3.3182063560845263,6.142797567537125,1.2758715025979068,-10.862595329576047,10.937267729431735,33.46087258857659
2026-01-07 00:00:00,0.5336730152945885,-1.1727455954543773,1.288463860149465,4.700279687659464,-17.753095011331858,18.364776383708033,-3.802237963505991,-5.910393231389431,7.027784976845847,9.048111849942888,0.2446153800911821,9.051417830000672,5.88021962966897,-3.9570311030513308,7.087670847581729,37.48049886941316
2026-01-07 12:00:00,-2.050603948296717,0.9907235131861197,2.2773909704637743,-0.701563031830748,-16.455826295704746,16.47077441294244,-10.34928095551743,-5.525870636050572,11.732129499055223,11.940291321573222,2.2407357663296703,12.148722303952207,4.562066117365077,-0.6949093693910742,4.614688103315106,36.59463430118192
2026-01-08 00:00:00,-0.9736714604859693,-1.2017043241612222,1.546651025820841,-14.452293485033211,-17.35874715760757,22.587494103137743,-9.116518223529722,-3.7914373942182573,9.873494925011409,11.008378245239872,1.7743433069349335,11.150456751233794,4.630091617276511,-1.1100561979755064,4.761299522928383,42.80035926568028
2026-01-08 12:00:00,3.4093919434597257,2.089278070030054,3.9986292999022295,-12.975180491713894,-15.854444940916276,20.487038174833827,-13.146780416997162,-1.2766211896605915,13.208618284840792,11.358300590139983,8.007035633974066,13.89689216838444,1.103670902204076,8.14760797145775,8.222019527885703,48.765039333033904
2026-01-09 00:00:00,-1.706244336286053,6.332839716878061,6.558668204351889,0.39467231509241074,-8.555057934831119,8.56415684726858,-12.90050123139616,-2.5733564857631204,13.15466060467061,10.256789670474559,5.636951648781237,11.70371557391289,0.1373690891531929,6.193543489969453,6.195066684774084,49.02617038673112
2026-01-09 12:00:00,0.573627711871779,0.6945927106677214,0.9008372691779496,-10.964144005044389,-19.56768036985463,22.43003720059655,-12.209123322537456,-5.042102296812372,13.209295510224935,14.82072958279122,4.84053513844999,15.591177177903916,6.149143645934732,1.1305666937582606,6.252211498931795,43.21664433986438
2026-01-10 00:00:00,3.9613281584442994,4.820700180282401,6.239492848546144,-4.695540596730838,-18.948985224397404,19.52209370252019,-10.769870683263477,-5.6958759342392655,12.18331306305736,7.382491070587124,12.107541637616887,14.180752410007207,-2.0879956074432684,10.073755862129907,10.287870665327157,42.15105122313214
2026-01-10 12:00:00,0.957408737729412,9.601704466851153,9.64931915524769,-8.3872435079239,-15.756025800513964,17.84931939004043,-12.620741043713327,-1.8054025000482645,12.749218904687874,9.894402382334198,7.47266151785788,12.399188226009583,0.055259728164319455,7.762900025876714,7.763096704879663,48.07944904815747
2026-01-11 00:00:00,2.403477451691991,1.7760958632139237,2.988514744169324,-0.5021157570790837,-10.393516812854413,10.405638470204241,-11.119394840316332,-0.4027322227591746,11.126685708606225,8.386192593328984,7.070971131465432,10.96936000660127,-1.580205512834329,9.224380405982972,9.358752231845578,49.62262758832482
2026-01-11 12:00:00,-0.075847445212609,-2.679857402437867,2.680930534785695,-18.8410248173071,-10.832043081048205,21.732863904144487,-7.707576907482642,-1.4198844818608236,7.837270808552482,10.8254396345603,1.0024410136508262,10.871753826653652,4.650879269120603,2.004882027301651,5.0646056035325175,41.9888806241498
2026-01-12 00:00:00,-14.717712329925321,12.735618316326159,19.462965604593208,3.692823105660887,5.352131351704902,6.502480487906554,-8.481298190042162,-2.668664278065318,8.891242208906151,7.895619341406703,3.2859121854769118,8.552077155583975,0.03431463461807738,3.793453528282937,3.7936087259219597,29.505472628316287
2026-01-12 12:00:00,-5.861562377593585,1.8225818525408046,6.138380740523647,-46.430661193090074,6.973811274569247,46.951467948519245,-38.151229094267684,18.973536103831837,42.60881779264366,-16.952066146818282,25.276345177045776,30.43462127504247,-51.904132293636565,50.55269035409155,72.45421624165144,33.419779136542
2026-01-13 00:00:00,-0.5803921007305448,2.5117182168487386,2.5779029057433918,-3.7101938606777978,-16.42415861507328,16.83800833521878,-13.89695161328723,-5.994759862188088,15.134807892647594,9.086401681921991,4.193713778145758,10.00749373111192,-3.0775648145155188,2.693408564036061,4.089725526287399,45.899047656820656
2026-01-13 12:00:00,-3.0531500925709842,0.7820004612985549,3.1517059204877227,1.360631624352063,-3.587483049705328,3.836841545999779,-13.186944275646281,-4.541646186081349,13.947116168174247,1.6963710242600651,7.597790215701739,7.78486292838623,-12.171146792970713,4.297628140733604,12.907611006381725,34.140753175766186
2026-01-14 00:00:00,-2.905720189434273,6.112699669913583,6.768183439730898,3.860395043446566,-2.3079090565448945,4.497676522911442,-10.503390673388258,-4.802714006412412,11.549340997009718,4.299740993308999,-0.7909271712778128,4.371880419202632,-6.343438484758185,-2.8891904837704976,6.970411283519876,24.87864100401126
2026-01-14 12:00:00,-4.642096836197367,-1.7068787320933132,4.945957747767977,-22.654103970018795,9.076611401073938,24.40478029424823,-11.880954486131804,-0.7458955118713021,11.904345408974203,1.2295325446089898,7.312559612444835,7.415205888160625,-12.04185950336842,7.863227037038477,14.381819069049548,37.51848803622807
2026-01-15 00:00:00,-5.695239257003205,-4.8406232855509534,7.474448741354009,-13.850000036717695,10.27522078011576,17.24536642397612,-10.946918259835593,-4.011644098287994,11.658829605018285,3.9426204339943407,-0.6096288786993647,3.98947405760383,-6.88687542719444,-3.8239804224026854,7.877301531654963,34.75366131683434
2026-01-15 12:00:00,0.7733378483107289,-4.054427581508436,4.127521585809844,-14.310871878362939,-17.220659405320163,22.390894673347937,-13.096183529411588,-2.692516920062336,13.370103604716506,19.676943998486458,7.660176933104551,21.115407544398455,11.342039034589938,7.814601558236,13.773519774413016,42.5188498268437
2026-01-16 00:00:00,-2.8818134001378866,-4.491760588302849,5.336736985822427,-25.549283287704807,-3.4606386571932415,25.782589017223472,-11.223553830254067,-6.1654246688695435,12.80549186591893,11.222759994931524,2.1183803898550706,11.42094030191726,1.1951518115035462,-1.457258212545315,1.884672213030949,41.986997083673785
2026-01-16 12:00:00,2.716102365148428,-17.362976563248065,17.57413346921738,-29.058349551181585,-10.497678818321091,30.896422757518103,-15.880306612772207,-4.2621695231255305,16.442330344556296,7.142950633118145,3.385189156259144,7.904508167547011,-6.559177835606658,-2.9498417075178,7.191966349929981,26.93353676207884
2026-01-17 00:00:00,5.082469668580626,-22.395247835805677,22.96472563648869,-27.456598836654656,-10.479646239194775,29.388565888380043,-13.351021630566938,-6.795208216900153,14.980808833000093,9.649346759391102,-2.5028576372925952,9.96866035310289,-2.917600485866366,-10.958553311943167,11.340294673677056,36.96767765955893
2026-01-17 12:00:00,6.457130046222906,-16.740818996479423,17.942952630677063,-16.696353516691566,-19.30094560977489,25.520476527404956,-11.03663312164096,-5.865546214636692,12.49847602941019,4.359225968703971,2.1872529035129924,4.877184260426203,-3.5688287269269363,-4.229140738239705,5.533730194541256,24.432307986197667
2026-01-18 00:00:00,-5.837152016494514,-7.728839662857373,9.685417192760632,-23.25347043769594,4.401745720465077,23.666416137312204,-9.175529158175296,0.6130835307996769,9.195988622669281,-1.3835820520131454,-22.14515094527627,22.188330484372262,-7.4259069158716695,-26.90363701734932,27.909671769558294,53.03075099439239
2026-01-18 12:00:00,9.33941135305953,-7.681387527954928,12.092490180946138,-8.604045140176577,-16.323586123623492,18.452345561189492,-3.8929582587889744,-2.5269179659468244,4.641167785299096,11.338321388965264,-3.15118493121778,11.768071141448848,11.085532862461706,-9.408198403665809,14.539712378429579,34.55915817514405
2026-01-19 00:00:00,11.610985140306509,-11.973431139716222,16.678669886593013,-13.51269671966542,-11.116487977456519,17.49769349344627,-4.302035979439093,0.18422530027445172,4.305978695912195,11.220689352455235,-4.091586003595301,11.943405945086152,9.44137870491047,-8.183172007190604,12.494156071892363,31.789151612843387
2026-01-19 12:00:00,8.37888728724112,-0.7912771957771261,8.4161672852224,-1.2527394134212289,-10.772200115545857,10.844798355308647,-5.47501933308735,3.181822391853787,6.332442690698622,17.778326853652445,6.922763316104024,19.07861519204408,19.581879153944445,8.031184195671678,21.16482720894481,22.078127604378633
2026-01-20 00:00:00,17.32489720763352,8.190903519032538,19.163584312783644,2.93569255535743,-13.368141839174292,13.686690871494953,-1.4540535910333656,0.5341069223491024,1.5490455287364076,13.26038444692255,6.460037482847999,14.75025016601368,16.690944362377202,6.037157729483445,17.749222438141707,18.080568550709177
2026-01-20 12:00:00,7.46141676019645,0.4235195277156478,7.473426848487712,1.5479743365388323,-17.65335477212406,17.721093624747265,-1.4563700172537688,-3.3874406107088832,3.6872438918839525,11.96099904282745,12.736814271552078,17.472605297737708,13.59762223133607,10.728891745902303,17.320636490655172,57.491187411299
2026-01-21 00:00:00,13.810718680957986,-0.9108362254751605,13.840721553235573,1.4692160658534088,-17.3795895675109,17.44158047263193,-0.6206804676089934,-2.9513282607403113,3.0158883841275936,12.948956018147527,2.5283487674817655,13.1934835979716,15.928526378891902,0.40789665581583723,15.933748218322044,35.66641778258516
2026-01-21 12:00:00,16.073815785188387,1.5346586257716632,16.146910880841162,2.279642228282725,-16.640997059440643,16.796414850237593,2.2169725959932274,-2.062298064872568,3.0278772762055746,16.766658779909523,11.653161054838224,20.41854571735988,23.24871580483442,11.049611019772799,25.740953561634857,44.4085735766973
2026-01-22 00:00:00,1.8212969297190993,5.830292006585508,6.108144349003148,13.579292432037754,-17.68312255984891,22.295515388109674,-0.5503799114411838,-14.092196311238673,14.102939938942052,1.0980907498498558,11.489246556530857,11.54160256340782,2.929070930452229,1.9912857456607007,3.5418463315750697,51.965715200427155
2026-01-22 12:00:00,18.024106627039462,6.645031766934553,19.21001996059497,9.982764905491582,-14.789056598905606,17.842975935755444,3.3944219230997663,-1.78382193730107,3.8345952714747953,17.999876514494133,15.137205935744849,23.51872781589571,26.248953611020482,16.34882711857684,30.92396665737788,37.028868197245494
2026-01-23 00:00:00,15.02881616474353,7.4481212493200895,16.773187695194668,17.060040449512567,-10.678196126409095,20.126322382717195,6.743575928256677,-0.3770820294436562,6.754110389762093,0.7689347978197443,8.736319607998862,8.770093558018836,9.251320911877963,8.280105898569992,12.415598749399244,25.233949371014507
2026-01-23 12:00:00,12.242892445634732,9.712063425282071,15.627302755500763,11.83868340525028,-8.179338424689064,14.389440636638497,-0.5563594999704928,-0.5043593866220626,0.750942264146319,7.563879418484439,4.928480999252215,9.027856712274659,8.999403292017053,4.7146611210121145,10.159590990701869,39.480251163003885
2026-01-24 00:00:00,13.870831693740811,7.791789693368738,15.909492716669877,4.241290539201005,-18.679389236345393,19.15484606257153,-3.7977191253121485,-6.517287630500466,7.54305698065685,18.14591906140329,9.105656362893509,20.302397798834065,19.438860374189062,4.06998531268315,19.860364374619977,38.18244285406104
2026-01-24 12:00:00,5.163353777803952,9.275763987745306,10.616026553806044,6.991804191954602,-9.028547608239588,11.419281841380513,-6.038724274051852,-2.490373570052232,6.532086295850489,12.241602517301558,10.392784365535517,16.058231504749312,7.281012104534289,8.740463567699067,11.375800659498633,50.050246443595476
2026-01-25 00:00:00,16.017891992724437,15.445760305969829,22.251839818766868,6.279791330297284,-16.2318986007734,17.40431875535111,-2.231143107697758,-4.39524422340892,4.929114661928315,16.926699626202456,2.982755916038085,17.187495253536582,18.81831731983038,0.4931895388654688,18.824778954109245,49.33499806232445
2026-01-25 12:00:00,9.454423259036625,11.779274782198494,15.104219064736519,1.4859094554522407,-16.52404539628121,16.590720393285054,-8.775424681656643,-6.168012681788876,10.72625091940968,12.693114476695868,7.300634404750202,14.642896497289344,7.199695473918524,4.101268809500403,8.28589287674803,39.08888829153809
2026-01-26 00:00:00,-3.5746265271849027,3.0061535449585026,4.6706438469145315,7.637543537914227,-12.317636712641644,14.49331726962991,-4.936799002955142,-4.940082814369231,6.984010496011952,2.1194705700553653,4.104210630524578,4.619166634474423,-2.188934956754662,0.5479768298593752,2.2564828496944673,45.1090155255986
2026-01-26 12:00:00,-5.146816920797589,7.252808160957126,8.893421761945998,6.315664677076546,7.429683863831528,9.75129850992938,-6.857424062870972,1.1837151714268423,6.9588394424004285,6.903358499540907,3.6960606689127737,7.830531466092683,0.019408456910902316,4.961046850488522,4.961084814931281,59.01939557020887
2026-01-27 12:00:00,-1.7447039627095262,15.893008874615612,15.988487201924544,6.218607449373069,3.875901060734287,7.327597671952207,-8.360205532601944,3.9004753079960137,9.225331656674179,14.940741122871163,16.046156206877974,21.92498288063601,8.268551967666436,24.225849117265568,25.598060807305647,40.45478142308743
2026-01-28 00:00:00,-4.916696100065199,12.347862654721794,13.290734091097809,10.221496875653177,0.08939974828263808,10.221887824368876,-4.299332310808457,-1.2097967705841208,4.466303454186399,-2.4365272538982836,16.2200867467614,16.40206935515924,-4.873054507796567,19.440173493522796,20.041631812160972,33.284305874304025
2026-01-28 12:00:00,4.079300741077372,0.969576553487874,4.192943265681975,-7.696771021161445,-17.209417333574095,18.85217040855803,-7.3631781097290805,-2.634400776929171,7.820259543587958,17.109193863124734,4.82666593778276,17.77698564776766,13.93394537417903,4.2181319284125856,14.558415801731273,46.256091810174034
2026-01-29 00:00:00,4.720222041960687,3.1649826543902866,5.68309874346759,-5.296479007531399,-13.880193151315911,14.856394306663306,-13.366864786634826,-1.7388890519418754,13.479495886684392,14.15413798141671,4.93390497599939,14.989430953481012,5.657697643552634,5.873901865659381,8.155505242059366,46.87778315759641
2026-01-29 12:00:00,-7.190318335596388,9.321242323927722,11.772265552075995,1.0713604252963105,-6.146269867294551,6.238945940020964,-13.02882065065834,-2.4412347146513342,13.255557116886486,16.41492414741678,10.313837986175422,19.386206146910787,6.518454912828126,11.051111959232115,12.830328522140663,48.22277679166881
2026-01-30 00:00:00,-3.5831777731788717,6.607550220469722,7.516573878452374,-4.6696617484976715,-15.15755449623067,15.860554818529677,-12.345077351552536,-2.7627819215759177,12.650450535929624,6.399581057380686,1.6716651138196963,6.614310392077735,-5.912185192470581,0.04401485196771482,5.912349030399182,47.66706282954602
2026-01-30 12:00:00,-11.8090489132916,3.302805677746689,12.26222498494744,-16.209195111268752,11.109715117757666,19.65105025572201,-15.478568903329322,-3.4507992001262884,15.858565837259865,10.904427047234144,-1.7503996358347198,11.04402227965798,-4.191145905531712,-3.500799271669441,5.460888164207039,42.875122068498996
2026-01-31 00:00:00,-8.937272990042064,-0.05804013796657648,8.937461449211996,-26.36934061537234,2.5515255728572255,26.4924971876656,-13.908786092535461,-5.0166296079276504,14.785834544963777,4.955007454956567,2.7244861037832395,5.654637336592253,-9.823530126590942,-1.733450802272566,9.975299285331706,27.98100571074207
2026-01-31 12:00:00,-16.661145988578642,-6.628402381431981,17.93124378795022,-20.958890629676734,9.105076598921759,22.85120382603472,-15.990752135516614,-4.601126075775416,16.63954671932831,7.213033382131528,-0.3760038215142476,7.222826970483033,-10.68800471925272,-7.481302815694034,13.046200086572332,25.50872709846882
2026-02-01 12:00:00,-17.417998838021905,-8.184762656276874,19.245181819377983,-14.530395084481892,5.688894803266328,15.604355334129192,-16.491637734654567,-8.757416806420599,18.672612679870493,4.580889686549543,13.113184725039396,13.89029027606488,-12.05142406249734,5.0131660144823655,13.052534444424994,49.39829384278668
2026-02-02 00:00:00,-14.595468512980954,-5.853270980274276,15.725408811281806,-11.972160190580121,7.772353413575987,14.273825598431477,-13.449212512858189,-6.731463611410385,15.039744664314066,-4.21075707266332,4.064713155573577,5.8525522776030865,-20.44232942549795,-3.8913889690241543,20.80941470702197,34.59782275508489
2026-02-02 12:00:00,-11.936792724614612,20.15848299310316,23.42757898575185,-3.5601317815774394,-3.226696041802329,4.804800271434868,-17.256901943828677,-8.220780440317814,19.114965230071174,10.45567199226645,15.354007588541318,18.575969041717567,-6.12067347700383,11.779992777498116,13.275197687793803,39.07268400798467
2026-02-03 00:00:00,-10.158391491838504,5.6421617769838495,11.620107883282085,2.9209655580329503,-3.318582699071471,4.420976240808272,-10.789959356691304,-8.273674003964382,13.596944673084693,-0.14553473264208705,6.907568110099013,6.909101067003004,-11.861246439641882,0.026336244056421876,11.861275677584945,29.98118544337217
2026-02-03 12:00:00,-4.772166170083453,10.168747271537201,11.232853200646941,0.5539201858362048,3.7920785597318485,3.8323214081617407,-11.718639492344165,-4.077271527952198,12.407685306461394,6.79615479157594,3.7463251145846352,7.7603267853375995,-6.103845477092278,4.019686675830663,7.308543670258147,28.53631196330082
2026-02-04 00:00:00,-5.2187047700709694,19.937203988716654,20.608905414040326,0.7640401654042286,-11.487498325767245,11.512878665166943,-12.691760503264415,-5.876453839926119,13.986189416885681,13.785448293669699,16.27163334734547,21.326149123737412,5.453791391536619,17.056702913212703,17.90739944302348,37.66360834889339
2026-02-04 12:00:00,-3.621397952106646,14.959679839519046,15.391768710204646,3.281033777707851,-2.0152671338416805,3.8505174030514797,-11.166614595567099,-3.966638020997006,11.850210914390985,-7.844187204943191,16.10551588066787,17.914209853874087,-19.829479131526714,16.756218540710645,25.961107495862123,45.81898291590664
2026-02-05 00:00:00,-14.689954716572764,5.1193893542577715,15.556442939677638,-8.557711147840287,9.57346812785169,12.840783156990934,-11.349269118543367,-4.735605774858986,12.29763682908224,0.5775267308734708,-0.715667906476495,0.9196290976441794,-11.647447327411763,-3.6887621226230856,12.217610046245959,49.78192044177835
2026-02-05 12:00:00,-6.551313716498051,1.272397215723581,6.6737325453269865,-0.9891780821854059,-0.39934272591125053,1.0667464042658996,-15.270241906877635,-3.3308283376955843,15.62928998098627,2.6888003969072294,15.784367492819273,16.011742713483073,-12.241421397922036,16.78461996284814,20.77440408624863,37.259974112905745
2026-02-06 00:00:00,-14.40534657511237,1.356983571612653,14.4691193361147,-6.616916768246475,9.87684006458026,11.888463196696165,-9.34767493715664,-4.443961298470692,10.350256941402552,4.8041188375961195,7.249164822620222,8.696548075602202,-4.248168785358779,6.498329645240442,7.763712140922501,51.182618671517275
2026-02-06 12:00:00,-15.256883192558355,-12.489762707862475,19.717166562416665,-13.527840723809225,10.193257888057554,16.938269717453398,-5.756443418593987,-2.1415617612735605,6.141899348639893,-23.12183283326153,-8.047226163735878,24.48217724181422,-34.75299901973839,-6.452638182173667,35.34695857320659,40.84601945333378
2026-02-07 00:00:00,-16.382204697853076,-7.244931540735039,17.912723516883098,-6.494020649211704,7.47949211432568,9.905306985684392,1.569266716398491,-4.6665273454241945,4.92331956029546,-12.808134133324526,-11.943098119921018,17.512449648158697,-13.491912613666912,-16.88619623984203,21.614239043400982,35.03351863988845
2026-02-07 12:00:00,1.609412535890458,-17.174170312526297,17.2494154867445,-11.673469395600243,-4.380562839955443,12.468328617934883,2.896342143813236,-3.867743609616496,4.832001494593921,7.817490646229398,5.479773162922383,9.546783433228624,10.986180413311104,0.9901606684416162,11.030710685316214,12.079535785662621
2026-02-08 00:00:00,10.778509307350447,-13.875321788034235,17.569883824605608,-10.50674291086237,-15.356911427103192,18.607159245162848,-0.6371544212106769,-4.626878113922545,4.670542456456611,15.18632382013327,3.5344847630551244,15.592210032904765,17.38226658349996,-0.431030473889753,17.387609923427686,13.110392482073145
2026-02-08 12:00:00,7.918522843894252,-3.7139446613012908,8.746221411357219,-9.992969891732479,-16.88203380565591,19.61791305598995,-5.370513178396821,-3.0554186815422093,6.178834446629158,12.216395454161038,5.212592632497886,13.281996831983424,9.931866315735675,3.6632930771445817,10.585919170421638,19.927323320969776
2026-02-09 00:00:00,7.206571768916282,4.075304920461173,8.279057123566439,-2.05694774490481,-19.9731664984715,20.07880509395251,-5.391195872495021,-5.780732553559414,7.9045469061413565,5.337554197368581,5.661987315738493,7.781232882611247,2.1898270204985915,2.8386932572384147,3.5851808585337195,35.40201470161777
2026-02-09 12:00:00,-0.9391368310316256,2.9459487237338218,3.0920206775293493,8.34651435713365,-8.990702499981783,12.267723234448061,-5.6816842534891,-5.021819080434968,7.582888818449516,6.853240561081476,11.497920507087034,13.385405566337724,2.779091757491784,9.973085481151442,10.353056795503077,24.17357307668052
2026-02-10 00:00:00,-9.4553972089695,-7.511297594859703,12.07576614289683,-3.0919951933846006,5.199750229375688,6.049614592997309,-2.0515199825626675,-9.341907282500207,9.564515979059491,-0.045326624485968914,10.051866030108815,10.051968224688279,-4.49057701571479,3.682993013303472,5.807729286916543,32.20823011084472
2026-02-10 12:00:00,15.303547800587559,-2.612508389226864,15.52494043043802,-4.424507487695108,-20.62571336520941,21.094935845658508,-5.236572335726144,-6.069513911381364,8.016276501452795,31.287634599167173,9.391704227894364,32.666805584802006,32.6671122261249,4.837005818345645,33.02327734312493,42.73826745724757
2026-02-11 00:00:00,11.09805753341755,-3.7521478708751412,11.715182229054694,-2.38631790154806,-21.972145252086346,22.101350187398715,-3.569766397360347,-7.441424639715077,8.253364938028716,16.026301440805554,7.342774449664032,17.62834860360451,15.965669576112571,1.1870090959107369,16.00973440152526,26.377198257929546
2026-02-11 12:00:00,14.657382160208002,5.74048281053131,15.741410187412983,-4.778263459096725,-20.443968342546807,20.994943278694397,-10.05206385526576,-6.852448146542283,12.165526431330093,19.58576341228037,13.184982094246955,23.610291850534868,14.596965495890991,9.162671097962532,17.234440615745847,35.11051780780298
2026-02-12 00:00:00,6.322528912008508,12.268074897974257,13.801450414557506,3.2623777961174376,-11.772107934919408,12.215794452920063,-9.828381623548843,-5.355379042917652,11.192728444460455,6.412750009009059,8.424127654327362,10.587222932121941,-3.557540867761716,5.376726581633803,6.447114529728963,34.80265955768535
2026-02-12 12:00:00,-9.120566367019226,8.950169553992243,12.778507968476287,1.6345317270420594,-9.075273926084202,9.221295505522576,-12.88481562119308,-7.7596203096908845,15.040950134306957,8.438585582444917,10.349381792024024,13.353629847697801,-2.7824778980459683,6.9329291116229435,7.470454425261104,39.69119009659909
2026-02-13 00:00:00,2.259758672628432,-0.07166528771633174,2.260894772425926,-19.132693381815763,-15.659021363780084,24.72377208505809,-9.808585540961696,-4.451728879457423,10.77154772215015,-0.0631686428102256,-13.31727137424583,13.317421189282177,-10.084915046167165,-18.27830382256665,20.875868894933774,29.670417348954796
2026-02-13 12:00:00,13.400534991859526,11.536864471085472,17.682578428844757,-7.913814431697632,-15.33758799418015,17.258912605913643,-10.768933404656941,-1.0410608806718014,10.81913741622692,19.35138043508913,-2.4093655395619544,19.500794010675026,12.801698719792876,-2.552681767684794,13.053722623045768,44.16421042261538
2026-02-14 00:00:00,-2.3372409784085617,17.61530113526635,17.76968006119604,4.836529802968138,-1.561010011926033,5.082201569431532,-7.835021683755195,5.6483016595410325,9.658720226929036,12.817176843934549,6.469079429112142,14.357193698939007,4.714265027942442,14.768429455925107,15.502606340493767,38.51124722232645
2026-02-14 12:00:00,-5.9957785281521545,0.7015529582779196,6.0366825916159375,-1.6524394826708964,-13.854997854559784,13.953190380473774,-9.814299778127289,-1.7749966801192756,9.973519606908274,11.393793489987376,3.1552144079030446,11.82260157716218,1.1218164137061741,2.4901689071336204,2.7311926428056355,39.016075332768494
2026-02-15 00:00:00,-2.823523026876667,4.923552157838412,5.675706840055963,-1.8653143921690614,-14.813406135510379,14.93038509607872,-11.776108491725278,-4.121420717767176,12.476491491670433,9.686466704708657,-1.0707302010664597,9.74546563202114,-2.5433499486010867,-4.058886742581398,4.789905066924833,49.471708572740546
2026-02-15 12:00:00,-2.438255431965316,-13.20190560441716,13.425177881110164,-27.999807389527284,-6.429092966267495,28.728425822163263,-13.442157191971846,-5.643464184560959,14.578761194837604,2.596133080435539,0.04969067186256382,2.5966085831718795,-11.72220101327527,-6.056981236136911,13.194582914611072,42.25345221081773
2026-02-16 00:00:00,-8.736587472846464,-8.870765942611385,12.4506405087968,-25.604998561460583,-16.090723933579717,30.241153219397464,-13.61316014461681,-7.799873359522708,15.689364344917726,-0.6842729029714523,13.982551604929476,13.999284938533712,-13.987227405665918,9.94375823550113,17.16161001607682,38.42739113450768
2026-02-16 12:00:00,0.25708030081649547,2.085087403343804,2.1008759508002623,8.645968761330876,-15.55287890695893,17.794516518198446,-3.51636961378042,-7.514227458716713,8.296292519074438,9.292498288013814,4.44471820122694,10.30077882109201,7.2712880770428665,-2.4242720965308813,7.664771718542176,49.7218020252325
2026-02-17 00:00:00,-7.0871717683212605,-9.746575331121027,12.050881061520228,-24.220304707334414,-0.20440321054674415,24.22116720533111,-9.684499336207319,-1.3236681790614484,9.774539622982754,-0.4719560839534118,-4.599242294749562,4.623394016411954,-11.776797451041112,-7.28835463516289,13.849659616421944,20.763169114338634
2026-02-17 12:00:00,-4.118935391255107,4.850620462768648,6.363501208545794,-1.0368155056477164,-6.734295139110284,6.8136420080156785,-13.219485797178024,1.2735095803428855,13.280686405190682,11.493406616545176,5.8799087498723575,12.910140299782569,-0.6485728392026395,7.592261235738386,7.619913214692615,36.15212040406486
2026-02-18 00:00:00,-7.746048054451009,7.017746719478607,10.452273890432503,1.2632768673416734,5.554096309089197,5.69595068923519,-11.28172805392286,-1.8732345292726054,11.436187978707295,0.5563856178113831,-2.0613619767905877,2.1351295405818713,-12.674537306548146,-1.6916494662441512,12.78692980553678,39.44896674666688
2026-02-18 12:00:00,-5.299612368625195,14.54023648501208,15.47592867319314,-5.1334823354021974,-10.301514382483898,11.509728035901153,-18.72157701937272,-5.018894320764181,19.382640333435063,16.291825528707736,7.636511151870624,17.99277303893142,0.7080987898762174,6.731993815358066,6.769131748329575,49.08738540299652
2026-02-19 00:00:00,-9.924370361536523,3.050030055987821,10.382476121589379,-1.2693315771277316,8.899049433493746,8.989120283568294,-9.278562464545647,-3.282683302413016,9.842140573697199,0.5468490275050879,7.7547448909199375,7.774002327124178,-9.512903662788037,4.902888064041662,10.702039406861118,42.38668326676331
2026-02-19 12:00:00,-11.70716423784468,-3.863475409713441,12.328184648735995,-7.142599761962446,7.733749049450587,10.527469103230075,-8.284988173575618,-6.800257300281189,10.718420050843102,1.609174725428252,6.808909210627598,6.996476823053617,-8.802465829314805,1.5970031410838867,8.946162512993299,32.57889828437303
2026-02-20 00:00:00,-14.15991668505341,-3.012628713247831,14.47684952921523,-14.798940925803423,7.834417141884029,16.744752744620204,-8.021200332026964,-5.073124231301896,9.490850553703389,-7.622561813618803,3.0006742574292007,8.19191641813061,-17.574495033160293,-2.6919839217432138,17.779472801674963,42.89532678916935
2026-02-20 12:00:00,-4.476359642329024,-3.5844274444882394,5.734624290419776,-21.58640447746494,-12.82041765504919,25.10649252911715,-9.322677071349085,-4.937310274991845,10.549376309915104,3.8460487533112264,5.102718968910037,6.389822524023742,-5.414335202001416,1.0282149562033371,5.511102582586532,43.92660150350752
2026-02-21 00:00:00,-9.022346796501473,-1.2325824451263883,9.106151832710355,-5.80093997674878,10.344460561969434,11.859964963353944,-10.464848842391849,-3.468227299196748,11.024593502392893,-1.8791980736989142,7.048159515330138,7.294377146386967,-13.214525190678494,6.708381326752375,14.819785964722852,37.553757958500654
2026-02-21 12:00:00,-9.56711048824412,-0.7034601819652302,9.592937992183687,5.714356020671811,-3.8555873889218875,6.8934330231461365,-8.853757331329273,-4.414573274503347,9.893304608573722,2.443094182006025,7.690826713822581,8.069543030692552,-7.370522725891599,5.097051672660532,8.961280098660907,33.650391961753854
2026-02-22 00:00:00,-9.063077870366499,-6.2261826174069945,10.99566871407228,-19.363781943894587,5.762391469162092,20.202999940963473,-10.184805602198324,-5.564072461633429,11.605566229739841,-1.3467381413535016,4.675606633316229,4.865696354160112,-12.592971219318668,-0.5482816699792075,12.604901305453506,27.43779628820829
2026-02-22 12:00:00,0.6784016556180277,7.023439739936701,7.056127449732423,2.1882965981849,-12.053279136589177,12.25031346317977,-11.490139444260235,-7.009195543926433,13.459276600974626,9.515931124832731,9.448001468751922,13.409611363723366,0.19136523101865066,5.703744901429786,5.706954227276499,39.31354102602411
2026-02-23 00:00:00,-1.5754687457305998,-1.4526811852085193,2.142984926366207,5.141801162257091,-16.658736645819623,17.43420849442159,-6.951781612475464,-8.517014006984295,10.993943568288799,8.698006401863683,8.0348641957702,11.84121438076904,2.5467703988098656,1.2204859866229008,2.824114995498065,55.40978361532068
2026-02-23 12:00:00,0.9976219553960677,4.784260427351198,4.887166602706208,-2.87161052016012,-18.93912033228061,19.155584719347488,-16.51391402688239,-13.79811392424095,21.519695730971545,8.826052425101356,16.882990327690365,19.050841551373104,-4.845461488826164,6.954425146216501,8.475997059581006,39.73940726946488
2026-02-24 00:00:00,-5.653261370770453,-2.3828615353668052,6.134932210136969,-1.23821333376174,-2.8671203274806976,3.123067599677981,-13.78377310356907,-10.29351392863217,17.20316337100879,3.398193865242362,16.231141660897727,16.583054036030294,-9.263752487344565,9.526026081703685,13.287674102568946,25.222216442424852
2026-02-24 12:00:00,-0.5379016911288566,-3.4550326209418394,3.496653920692112,-4.292872694585563,-16.258182493893933,16.815387416788155,-15.197285283899927,-6.5816036594590095,16.561249552206064,2.4514863561428495,10.939601895658061,11.210917669389959,-12.716049479450795,7.0950887685257165,14.561531478422886,38.161315918636106
2026-02-25 00:00:00,6.042457995187245,7.167131757051094,9.374384046247123,3.1409594282210946,-15.830018859012743,16.13862209751595,-10.046800157290248,-9.615086118283743,13.906404080945588,-1.4307447251431036,12.497466479594618,12.579097697256186,-12.159091208581595,5.056161644382936,13.168457373312007,54.782307567976666
2026-02-25 12:00:00,-8.653336171316555,-7.400497777066777,11.386289748736669,-25.030153680472907,2.3826689431470376,25.143303374074154,-13.76310058435771,-6.869136631245055,15.382066693193739,-1.2748350393861223,8.344978287054369,8.44179287764486,-15.014791629591883,2.35047454987607,15.197654368016059,33.87830895572982
2026-02-26 00:00:00,-4.667860318821949,-0.7103479207264343,4.72160080105391,-5.979236996080333,6.123987691370309,8.558884290569116,-10.163597080867008,-7.841452600216479,12.83694217886994,-6.690191001459534,5.659336345146952,8.76280454554998,-17.82664386615276,-0.8973313799229068,17.849213852045033,36.43857315345744
2026-02-26 12:00:00,-6.298019301345768,-10.468128620045885,12.21665927845856,-18.370820432454586,5.592160787714777,19.203106666296097,-7.443194239474687,-4.058195560292857,8.477622997758854,-6.608663348527258,4.418013159377864,7.949419571931242,-15.546698102977203,0.14269388215411283,15.54735294026347,46.134668807938986
2026-02-27 00:00:00,-11.563080175245888,-3.2454074402560917,12.009891447987117,9.157850823341768,-4.804267204751763,10.341528662496412,-3.11752327774725,-12.669226361374546,13.047154784972994,-0.7901892885602511,15.77692134954026,15.796697325116241,-6.0952311964606904,5.94884112076311,8.517074263994045,47.501477810423665
2026-02-27 12:00:00,-4.937971381532313,-0.4150431774142702,4.9553831541012325,12.64013134407552,-5.771769546489081,13.895547635601096,-1.9366312235651448,-5.526036146924502,5.855562824631261,-5.155298359038648,11.354406920483944,12.46995018781712,-7.532225875406409,6.95188979277256,10.250034064772525,39.7014539282435
2026-02-28 00:00:00,1.024158976116381,3.021228237864926,3.1900974395200152,2.304324998173683,-15.487244145209235,15.657734347935715,-3.007155373312131,-1.9104047442163603,3.562671711786591,12.850712078348728,8.829224138670636,15.591536159452092,11.775839403784596,7.907648859373489,14.184544551971939,31.47747141704648
2026-02-28 12:00:00,6.828749201470525,14.557035741757888,16.07915126004482,8.376512902828082,-10.106202619143552,13.126358969281213,-2.96136663441707,-0.9413305820690985,3.1073776095249888,17.71570945919627,22.098625217194954,28.323057711566047,16.339535826355753,25.105367342353123,29.95429686063844,47.18683575545569
2026-03-01 00:00:00,2.4263225291670962,13.954689586575789,14.164053179553887,10.58204701782276,-6.694871850289708,12.522021728906761,-2.836602211504336,-0.9955521788454994,3.0062328996794827,9.042785686195515,10.517885495982599,13.87075658618028,6.594904725606359,11.393956846667106,13.16491629155071,35.2248810059357
2026-03-01 12:00:00,1.654016106362548,5.894453780118657,6.1221201103916485,5.078942502663434,-11.00735162237293,12.12260065678636,-5.190172031824277,-0.6590339554956312,5.231845895515956,14.432816912433925,20.24519608182529,24.863108583187923,11.18796429520416,22.812722633986894,25.408480061703436,36.710356650508956
2026-03-02 00:00:00,1.2331774816114345,6.831015567057774,6.941433596782379,11.591788284541767,-6.814234551716683,13.446313552771601,-1.6538936215717719,-0.7237253202083634,1.8053095165612154,7.596979645712184,13.977114822945719,15.908294644969779,5.443159873456585,14.028644892978578,15.047619975973006,37.225696116935225
2026-03-02 12:00:00,12.094574188518887,18.473362156327145,22.080394791769624,9.196762633813947,-9.394686018455557,13.14688435820749,-2.804880666897387,-1.1180351293868127,3.0194963331783855,15.128146483338973,16.276896824554626,22.22157029236588,13.992836999387356,16.290337681818663,21.47497588075723,27.23524826076362
2026-03-03 00:00:00,-4.045418449534783,11.030432830349838,11.748866279632939,11.60677976383727,-6.875595277831831,13.490409441924502,-2.783968975314594,-4.541341096378868,5.326749685237124,5.479546288819401,9.709206388915973,11.148727112719246,2.9590925776388035,5.562006317280925,6.3001700894904396,44.125472935361145
2026-03-03 12:00:00,0.42029977748676917,15.460095727076538,15.465807828669204,10.793229793726047,-5.120326766320742,11.946194187860678,-3.63631595562183,-3.0393170776099443,4.7392237789918035,12.529542176132104,21.106325966445556,24.545191442425686,9.572520570785965,20.095546737088334,22.25902398445678,28.822571476988067
2026-03-04 00:00:00,-4.038704828675483,12.514738212150647,13.150277913862896,8.41706947240625,0.9332401155893137,8.468647803318921,-5.956262781622637,-1.5059629863119115,6.143695210529614,0.4058526493686925,6.7622798718389046,6.77444798032114,-6.258958407814546,5.09807086936905,8.072477125384854,40.65101625038761
2026-03-04 12:00:00,-8.857013738478948,0.13891254643310802,8.858103016964826,8.304761588023926,-1.3515336983928652,8.414018562601889,-6.253996905258661,-0.5867180400124948,6.281458059197801,7.069107833070902,16.273651336970836,17.74271719305916,1.2824634724110187,17.22641381156211,17.274085948762856,-2.679794590755556
2026-03-05 00:00:00,-3.3077333157561246,0.3553235709375868,3.326763371240408,6.063712637090855,-2.7786354455952713,6.670039421527715,-8.502445531896658,-2.1708295118713896,8.775196909043194,1.6433506256306245,8.187327032844362,8.350624241426782,-6.671876509285465,8.018415139763711,10.43115130312791,-11.140621423314634
2026-03-05 12:00:00,-3.069385377762738,6.61160582490239,7.289338665551692,3.980301183779204,-8.48943025316847,9.376205177842804,-10.090313193736295,-4.673646860955837,11.120134681226261,0.9094976137328565,17.93169933968016,17.954749430667967,-9.181004772534285,16.81083979610267,19.15450817127724,-9.542101554656483
2026-03-06 00:00:00,-13.883121121294963,2.9005581702571575,14.182887215499948,2.9029486242888947,6.102523531351311,6.7578032056251285,-6.272030307283416,-5.227178735797452,8.164665437815241,-5.379494684225115,3.66553026792226,6.50961405942476,-12.321822967452604,-1.5322092412653525,12.416722047314318,3.3770419006545076
2026-03-06 12:00:00,-1.3527253630406553,6.6860248069250385,6.821494970065614,2.3206506682736716,-15.755971213723328,15.925955180517029,-10.355877786777539,-8.55541441682848,13.43277039848255,13.683882570963437,6.602451367836644,15.193452743881652,6.583155451100346,1.2049027356732847,6.692512704193034,41.19263256585256
2026-03-07 00:00:00,1.1494353184204804,-1.6788361657548219,2.034623410530495,-8.664852628944711,-23.356672860042508,24.91212231369251,-11.726180947183037,-9.10287825001028,14.84472000546284,4.500963449712094,2.3531091924211873,5.078956078477278,-5.742809897777665,-5.618157469476454,8.033900601441816,32.784159198860806
2026-03-07 12:00:00,-0.9382654567843822,-0.550029587488306,1.0876003928407536,-15.324208460892734,-18.912840626061257,24.34187555427251,-12.225171047588336,-4.667197117676979,13.085776097658266,12.04476264728815,0.9219853120732999,12.07999851594307,2.8391571162168,-3.8500483681088564,4.783689535007698,44.79220818813462
2026-03-08 00:00:00,-8.85099926304246,3.88420933900729,9.665778299940964,-0.5410846623397365,3.321504725286677,3.365288435174767,-11.875460367679592,-5.847700214468637,13.237150627783354,5.656721585712093,8.513955018791288,10.221835899693483,-5.069597714355648,5.556381310561654,7.521581898361465,51.09707640538497
2026-03-08 12:00:00,-1.6691419401515137,1.9872963716079455,2.5952613904920763,-6.890520068581692,-18.215367596396757,19.475083658033103,-12.966408489058008,-4.962972652125232,13.883761977607456,8.49809244665977,4.344895534808489,9.54440634300398,-1.7976675223986263,1.8493882031036017,2.5791171448512347,49.631064389532796
2026-03-09 00:00:00,-3.6033875994607536,-1.9536539775255117,4.098922548164186,-21.7091601566988,8.136830977683527,23.18395249021592,-11.290291578713664,-2.0606966350128735,11.476809423961262,2.980862666755211,2.4387574323210117,3.851373787592677,-8.527162060825603,0.9952291881042123,8.585043619483718,48.74891476742491
2026-03-09 12:00:00,1.4312255629071595,7.053533482428298,7.197273178062368,2.8540242400856037,-11.451763920570606,11.802048604182195,-10.508130599468819,-5.6212227878108045,11.917170567114344,7.180717000987286,11.779618471649933,13.795727888948235,-1.7254993035239643,10.060697139882537,10.207593976393376,50.720232535992785
2026-03-10 00:00:00,-10.786380611954602,-2.341828789230204,11.037670441901113,-26.10007049408597,2.07729580878215,26.18260563185874,-13.021747599147053,-4.364742852445223,13.73378646637058,4.202784593662248,-0.8551955361803598,4.288911020973455,-9.32097036689525,-4.836058270365467,10.500854640214271,42.8364813600448
2026-03-10 12:00:00,-5.9159061690166626,-3.643042286410338,6.947640095829898,-30.266566569926205,-4.813919483268481,30.647004302593206,-15.770184720481017,-3.265596153951321,16.10474601969229,5.961977653163892,4.043291131229651,7.203706039859343,-9.326412872031717,2.3925632702038464,9.628412956532735,28.177618382426466
2026-03-11 00:00:00,-9.132277536197455,12.888864180776645,15.796243631593047,-8.163544905831756,12.756765221279691,15.14524758267037,-13.312347439894724,-0.8825978255146265,13.341573118717102,2.3054454428157456,5.204837804294167,5.692575450427479,-11.146033162563837,7.631304765917446,13.508177807953489,39.03800904831414
2026-03-11 12:00:00,-3.349271371846637,0.9694516542920751,3.4867542546444388,-5.146649797547593,-16.188448111441534,16.98687306114435,-10.576959069766385,-2.6586981852571574,10.905995562249377,9.940211018719916,8.184977353831329,12.876398929025635,-0.7928156198501526,8.845511554497943,8.880970176046928,47.855615469193076
2026-03-12 00:00:00,-4.600038544503255,-0.4243942217172991,4.6195741217500395,5.927279856004139,-2.448964542117908,6.413273253179161,-8.159174251750066,-6.205851887669572,10.25108394864237,-0.838046289558843,15.884294964224535,15.906387022008872,-11.534995397621392,13.226690478411605,17.54997036564025,40.44425364865222
2026-03-12 12:00:00,-4.588611490808368,-6.553216354311934,7.999999999999999,-13.225089652073194,9.754127699259984,16.433076506815283,-2.9202918754111242,-0.5586573096079887,2.9732478247146936,-13.09774361689201,-4.231907644038469,13.764444418918863,-20.133309407292952,-4.963815288076936,20.73619082435193,31.738994029694233
2026-03-13 00:00:00,-2.3100135387707175,-10.613526639549118,10.862003050898245,-15.821361972126205,-2.9174282288929594,16.08809752965784,-1.788807285893717,-6.870882520386182,7.099919585109032,-3.547126589497373,-5.794129138089409,6.793676435537387,-5.8263983937726485,-14.307181637288767,15.448053749431654,35.283076204312074
2026-03-13 12:00:00,1.8217266563503693,-16.65011446232479,16.74947759241985,-15.585475743855772,-10.091257532154982,18.56718968348714,-3.0845500374291324,-2.589974419284676,4.0277060997487215,13.35846899395866,-2.8709916284578076,13.663501995946342,12.770212214632881,-6.962163655382829,14.544759976400176,18.71403577619329
2026-03-14 00:00:00,-1.1870193489332412,-9.383945316747823,9.458723203607097,-18.271525503551473,-11.475531206956394,21.576293952130936,-4.612073301604976,-6.380263068794232,7.872672796858574,6.391628190460861,6.608599284141026,9.193829203517067,3.141442235623634,1.7265319214973829,3.5846299384607976,28.476115591285733
2026-03-14 12:00:00,-1.5461450100313996,-12.458291537033912,12.553867627698477,-12.571624378775525,-15.27535554874369,19.78338258896991,-3.773777041922434,-3.650370641464945,5.250390364745276,5.851562749068673,5.423951349191397,7.978723885727799,3.217844123898776,2.3626213241442233,3.9920546498026406,35.03282837172737
2026-03-15 00:00:00,-1.3032022313464136,-15.211516728079424,15.267238690229036,-18.8372533272608,-8.340377725990297,20.601068261806066,-4.756320741208541,-4.562848194129134,6.59106748834497,5.697387818043305,-13.363401466582033,14.527240849735888,1.5649511046187108,-19.84388569695151,19.90549852461686,37.10157064066928
2026-03-15 12:00:00,-0.3765865193946718,2.309241757302206,2.3397467598562827,4.32370167503874,-13.642984698058452,14.311723433821305,-4.043838191146034,-1.7045313457669562,4.388399984604108,13.221089672261897,13.09595499484692,18.60917110859713,11.121290482144232,13.336157795963054,17.364797918405444,46.676590746639064
2026-03-16 00:00:00,6.942549435348757,-6.836837707109364,9.74378481369605,-12.495274022199613,-17.31663272154944,21.354101285300985,-5.16787491030988,-4.71299776523191,6.9942318394296406,3.4730370245376667,6.560291830370076,7.422898023914232,0.06315681286278085,3.290759129272251,3.2913651316588455,29.963303656293608
2026-03-16 12:00:00,9.430722713684109,2.675260969873402,9.802833884103379,-2.5739737485746055,-17.615844009537682,17.802901477756816,-6.170508997499132,-3.487598327207729,7.087913894804302,11.474602630767414,7.676150776489175,13.805426334503757,9.02362050862197,5.601502135010565,10.620854638500187,27.792968344890813
2026-03-17 00:00:00,11.44802180664079,3.075122715510016,11.853842541588309,2.4158436293839687,-17.47756274664802,17.643738266157026,-4.20235798012298,-4.487497338308026,6.147962666967401,11.700301845070799,11.142009753589205,16.15677704911608,8.845759270881015,10.071054923134163,13.404238297760983,38.055022465334034
2026-03-17 12:00:00,18.241413998413307,8.67892827464017,20.200816336422086,1.6367901576622712,-16.241125831946665,16.323395795892022,-5.935386181559239,-3.783014524659133,7.038466311493316,16.282900935772485,14.523303402025425,21.818781006084272,14.946779679808479,14.262491781260442,20.659740913362327,46.41735158815526
